id,name-en,name-zh,quality,category,acquisition
1,"奇异的「牙齿」
","奇异的「牙齿」
",1,"素材
","龙脊雪山
"
2,"鳅鳅宝玉
","鳅鳅宝玉
",1,"素材
","野外采集推荐：荻花洲采集（帮助：采集视频）
"
3,"魔晶块
","魔晶块
",1,"锻造用矿石
","野外采集（需要冒险等级达到30级且对应城市声望达到2级）对话蒙德和璃月的铁匠可得知刷新地点。（每天6点时刷新。在蒙德刷新6个点位，璃月刷新10个点位。）
"
4,"汲取了生命力的龙牙
","汲取了生命力的龙牙
",1,"素材
","由奇异的「牙齿」在眠龙谷下方核心处汲取生命力获得（4个转化为4个）
"
5,"须弥蔷薇
","须弥蔷薇
",1,"食材
","野外采集
"
6,"霓裳花
","霓裳花
",1,"璃月区域特产
","野外采集璃月港玉京台附近采集望舒客栈附近采集推荐：璃月港采集轻策庄磨坊主小白处购买（1000摩拉每个，三天刷新一次，限购五个）奥摩斯港商人秋蔚处购买（1000摩拉每个，三天刷新一次，限购五个）(采集帮助：采集视频)望舒客栈菲尔戈黛特处购买（1000摩拉每个，三天刷新一次，限购五个）
"
7,"「霓裳花」的种子
","「霓裳花」的种子
",1,"种子
","装备化种匣后采取霓裳花
"
8,"星蕈
","星蕈
",1,"食材
","野外采集须弥城兰巴德酒馆购买（每三天10个）阿如村商人阿扎莱处购买（每三天10个）
"
9,"毗波耶
","毗波耶
",1,"素材
","野外采集桓那兰那采集
"
10,"蜥蜴尾巴
","蜥蜴尾巴
",1,"素材
","野外采集捕捉蜥蜴采集(采集帮助:采集视频)
"
11,"「琉璃袋」的种子
","「琉璃袋」的种子
",1,"种子
","装备化种匣后采取琉璃袋
"
12,"牛奶
","牛奶
",1,"食材
","杂货店购买蒙德杂货店购买璃月杂货店购买稻妻杂货店购买望泷村每周限购10个须弥杂货店购买
"
13,"紫晶块
","紫晶块
",1,"锻造用矿石
","（帮助：采集视频）野外采集推荐：鸣神岛采集
"
14,"神秘的肉加工产物
","神秘的肉加工产物
",1,"食材
","烹饪加工获得
"
15,"鸟蛋
","鸟蛋
",1,"食材
","野外采集清泉镇猎人首领杜拉夫（仅在游戏内6:00-19:00运营）处购买，200摩拉，每日限购5个，每天刷新一次化城郭阿什帕齐处购买，200摩拉，每日限购10个，每天刷新一次
"
16,"小灯草
","小灯草
",1,"蒙德区域特产
","野外采集(采集帮助：采集视频)推荐：奔狼领采集蒙德城花语店主芙萝拉处购买（1000摩拉每个，三天刷新一次，限购五个）遁玉陵和灵矩关之间七天神像附近与紫薇对话领取4个小灯草夜间野外寻找推荐：低语森林采集
"
17,"活化的星蕈
","活化的星蕈
",1,"食材
","野外采集
"
18,"烈焰花花蕊
","烈焰花花蕊
",1,"素材
","野外采集推荐：千风神殿采集（帮助：采集视频）璃月港不卜庐购买（每三天5个）
"
19,"「塞西莉亚花」的种子
","「塞西莉亚花」的种子
",1,"种子
","装备化种匣后采取塞西莉亚花
"
20,"史莱姆凝液
","史莱姆凝液
",1,"角色与武器培养素材
","普通怪物掉落史莱姆掉落
"
21,"破损的面具
","破损的面具
",1,"角色与武器培养素材
","普通怪物掉落丘丘人掉落射手类丘丘人少量掉落丘丘萨满少量掉落大体格丘丘人少量掉落
"
22,"鱼肉
","鱼肉
",1,"食材
","捕捉鱼类采集（采集视频）万民堂卯师傅处购买（折扣价215摩拉）璃月港老孙处购买（240摩拉）稻妻离岛小畑处购买（240摩拉）稻妻「志村屋」志村勘兵卫处购买（折扣价215摩拉）野外采集烹饪加工获得璃月港老高处购买（一个300摩拉，三个1000摩拉）璃月港「万有铺子」博来处购买（240摩拉，每三天刷新）须弥城兰巴德酒馆购买（折扣价215摩拉）须弥城珀姆处购买（240摩拉）奥摩斯港布特罗斯处购买（240摩拉）阿如村阿扎莱处购买（280摩拉）
"
23,"骗骗花蜜
","骗骗花蜜
",1,"角色与武器培养素材
","普通怪物掉落骗骗花掉落(采集帮助：骗骗花位置视频)
"
24,"天云草实
","天云草实
",1,"稻妻区域特产
","清籁岛采集野外采集
"
25,"奶酪
","奶酪
",1,"食材
","烹饪加工获得蒙德城猎鹿人购买（每周10个）璃月港商人长顺购买（每周10个）奥摩斯港香料商人拉玛购买（每周10个）
"
26,"珊瑚真珠
","珊瑚真珠
",1,"稻妻区域特产
","野外采集海祇岛采集奥摩斯港舶来品商店购买（每三天5个）（需完成天下人之章第二幕）离岛山城健太处购买（每三天5个）（需完成天下人之章第二幕）
"
27,"月莲
","月莲
",1,"须弥区域特产
","野外采集须弥水域采集
"
28,"嘟嘟莲
","嘟嘟莲
",1,"蒙德区域特产
","野外采集湖泊水边采集推荐:清泉镇采集(采集帮助：采集视频)蒙德城花语店主芙萝拉处购买（1000摩拉每个，三天刷新一次，限购五个）
"
29,"石珀
","石珀
",1,"璃月区域特产
","野外采集璃月山壁下采集推荐：琥牢山采集(采集帮助：采集视频)璃月港商人长顺处可以购买（1500摩拉一个，共计5个，三天一刷）奥摩斯港商人秋蔚处购买（1000摩拉一个，共计5个，三天一刷）
"
30,"杉木
","杉木
",1,"摆设素材
","野外采集推荐：坠星山谷砍伐推荐：风啸山坡砍伐
"
31,"「落落莓」的种子
","「落落莓」的种子
",1,"种子
","装备化种匣后采取落落莓
"
32,"圣金虫
","圣金虫
",1,"须弥区域特产
","须弥沙漠遗迹采集野外采集
"
33,"禽肉
","禽肉
",1,"食材
","动物掉落清泉镇猎人首领杜拉夫（仅在游戏内6:00-19:00运营）处购买，240摩拉，每日限购10个，每天刷新一次化城郭阿什帕齐处购买，240摩拉，每日限购10个，每天刷新一次
"
34,"御伽木
","御伽木
",1,"摆设素材
","野外采集八酝岛砍伐
"
35,"薄荷
","薄荷
",1,"食材
","野外采集蒙德-坠星山谷NPC克罗丽丝处购买，150摩拉，限购10个，每三日刷新。
"
36,"精锻用杂矿
","精锻用杂矿
",1,"武器强化素材
","解决事件报酬由铁块锻造获得遁玉陵和灵矩关之间七天神像附近与铁块儿对话领取5个精锻用杂矿
"
37,"香辛果
","香辛果
",1,"食材
","野外采集须弥城杂货店购买（每三天10个）大巴扎香料商人朱特处购买（每三天10个）梦中的桓那兰那兰玛尼处购买（每三天10个）
"
38,"琉璃百合
","琉璃百合
",1,"璃月区域特产
","野外采集推荐：璃月港玉京台采集推荐：轻策庄采集轻策庄磨坊主小白处购买（50000摩拉每个，每月刷新一次，限购三个）(采集帮助：采集视频，采集专栏)
"
39,"「金鱼草」的种子
","「金鱼草」的种子
",1,"种子
","装备化种匣后采取金鱼草
"
40,"蕈兽孢子
","蕈兽孢子
",1,"角色与武器培养素材
","普通怪物掉落蕈兽掉落
"
41,"枣椰
","枣椰
",1,"食材
","野外采集阿如村商人阿扎莱处购买（每三天10个）须弥沙漠绿洲采集
"
42,"蘑菇
","蘑菇
",1,"食材
","野外采集璃月港万民堂购买（每三天10个）
"
43,"晶核
","晶核
",1,"素材
","野外采集捕捉晶蝶采集
"
44,"「鸣草」的种子
","「鸣草」的种子
",1,"种子
","装备化种匣后采取鸣草
"
45,"糖
","糖
",1,"食材
","烹饪加工获得蒙德城猎鹿人购买（每周10个）璃月港万民堂购买（每周10个）璃月港商人长顺购买（每周10个）稻妻城志村屋购买（每周10个）须弥城兰巴德酒馆购买（每周10个）奥摩斯港香料商人拉玛购买（每周10个）阿如村商人阿扎莱购买（每周10个）
"
46,"海草
","海草
",1,"食材
","野外采集稻妻志村屋每三日限购十个须弥城渔民珀姆处购买（每三天10个）稻妻海域采集
"
47,"浮游干核
","浮游干核
",1,"角色与武器培养素材
","普通怪物掉落(推荐位置：点击跳转视频)飘浮灵掉落
"
48,"树莓
","树莓
",1,"食材
","野外采集
"
49,"「冷鲜肉」
","「冷鲜肉」
",1,"食材
","大雪猪王掉落雪猪动物掉落
"
50,"秃秃豆
","秃秃豆
",1,"食材
","杂货店购买阿如村商人阿扎莱处购买须弥餐馆购买（兰巴德酒馆）
"
51,"慕风蘑菇
","慕风蘑菇
",1,"蒙德区域特产
","房檐下采集野外采集(采集帮助：采集视频，蒙德城-采集专栏，清泉镇和晨曦酒庄-采集专栏)风起地克罗丽丝处购买（每三天5个）奥摩斯港巴巴克处购买（每三天5个）
"
52,"晶化骨髓
","晶化骨髓
",1,"稻妻区域特产
","野外采集八酝岛采集踏鞴砂采集(采集帮助：采集视频)
"
53,"电气水晶
","电气水晶
",1,"素材
","野外采集山壁下采集推荐：誓言岬采集璃月港商人长顺处购买（每三天5个）离岛楚瑜商行购买（每三天5个）
"
54,"「清心」的种子
","「清心」的种子
",1,"种子
","装备化种匣后采取清心
"
55,"树王圣体菇
","树王圣体菇
",1,"须弥区域特产
","野外采集水天丛林采集（推荐）无郁稠林采集（推荐）化城郭NPC阿什帕齐处购买桓那兰那（梦境）NPC兰玛尼处购买
"
56,"铁块
","铁块
",1,"锻造用矿石
","野外采集璃月港解翠行购买（每三天10个）离岛楚瑜商行购买（每三天10个）
"
57,"盐
","盐
",1,"食材
","杂货店购买蒙德杂货店购买璃月杂货店购买稻妻杂货店购买须弥城杂货店购买奥摩斯港香料商人拉玛购买
"
58,"海灵芝
","海灵芝
",1,"稻妻区域特产
","野外采集（帮助：采集视频）离岛渔夫小畑可以购买5个，每三天刷新一次稻妻海域采集
"
59,"黄油
","黄油
",1,"食材
","烹饪加工获得蒙德猎鹿人处购买（每周10个)望舒客栈购买（每周10个）奥摩斯港香料商人拉玛处购买（每周10个）
"
60,"竹笋
","竹笋
",1,"食材
","野外采集璃月港万民堂购买（每三天10个）（帮助：采集视频）推荐：轻策庄竹林采集
"
61,"熏禽肉
","熏禽肉
",1,"食材
","烹饪加工获得蒙德城猎鹿人购买（每周10个）
"
62,"香辛料
","香辛料
",1,"食材
","烹饪加工获得须弥城兰巴德酒馆购买（每周10个）须弥城香料商人朱特购买（每周10个）奥摩斯港香料商人拉玛购买（每周10个）化城郭阿什帕齐购买（每周10个）阿如村商人阿扎莱购买（每周10个）
"
63,"白铁块
","白铁块
",1,"锻造用矿石
","野外采集推荐：望风山地采集推荐：奔狼领采集璃月港解翠行老板石头处购买（400摩拉每个，三天刷新一次，限购十个）离岛楚瑜商行分行长秋月处购买（400摩拉每个，三天刷新一次，限购十个）
"
64,"垂香木
","垂香木
",1,"摆设素材
","野外采集推荐：坠星山谷砍伐
"
65,"「小灯草」的种子
","「小灯草」的种子
",1,"种子
","装备化种匣后采取小灯草
"
66,"赤念果
","赤念果
",1,"须弥区域特产
","须弥沙漠采集野外采集
"
67,"导能绘卷
","导能绘卷
",1,"角色与武器培养素材
","普通怪物掉落丘丘萨满掉落
"
68,"胡椒
","胡椒
",1,"食材
","杂货店购买蒙德杂货店购买璃月杂货店购买稻妻杂货店购买须弥城杂货店购买奥摩斯港香料商人拉玛购买
"
69,"布匹
","布匹
",1,"摆设素材
","合成获得（需要霓裳花）
"
70,"梦见木
","梦见木
",1,"摆设素材
","野外采集鸣神岛砍伐
"
71,"蟹黄
","蟹黄
",1,"食材
","烹饪加工获得蒙德城猎鹿人购买（每周10个）
"
72,"「梦里花·星槿」的花种
","「梦里花·星槿」的花种
",1,"种子
","「梦里生花」活动兑换
"
73,"清心
","清心
",1,"璃月区域特产
","野外采集石林顶端采集推荐：绝云间采集推荐：孤云阁采集(采集帮助：采集视频)璃月港不卜庐购买（每三天10个）奥摩斯港舶来品商店购买（每三天5个）
"
74,"「白萝卜」的种子
","「白萝卜」的种子
",1,"种子
","装备化种匣后采取白萝卜
"
75,"「香辛果」的种子
","「香辛果」的种子
",1,"种子
","装备化种匣后采取香辛果
"
76,"兽肉
","兽肉
",1,"食材
","动物掉落烹饪加工获得化城郭阿什帕齐处购买，240摩拉，每日限购10个，每天刷新一次阿如村阿扎莱处购买，280摩拉，每日限购10个，每天刷新一次「冷鲜肉」合成清泉镇猎人首领杜拉夫（仅在游戏内6:00-19:00运营）处购买，240摩拉，每日限购10个，每天刷新一次
"
77,"甜甜花
","甜甜花
",1,"食材
","野外采集蒙德城花语店主芙萝拉处购买（1000摩拉每个，三天刷新一次，限购五个）
"
78,"「蘑菇」的孢子
","「蘑菇」的孢子
",1,"种子
","装备化种匣后采取蘑菇
"
79,"杏仁
","杏仁
",1,"食材
","璃月杂货店购买杂货店购买轻策庄小白购买（每三天10个）
"
80,"堇瓜
","堇瓜
",1,"食材
","野外采集志村屋购买
"
81,"咖啡豆
","咖啡豆
",1,"食材
","须弥城·普斯帕咖啡馆购买
"
82,"小麦
","小麦
",1,"食材
","野外采集杂货店购买蒙德杂货店购买璃月杂货店购买稻妻杂货店购买望泷村每周限购10个须弥杂货店购买
"
83,"星银矿石
","星银矿石
",1,"锻造用矿石
","野外采集推荐：龙脊雪山采集（采集帮助：https://www.bilibili.com/video/BV16K411g7Hb?from=search&seid=8519524422630161621）
"
84,"劫波莲
","劫波莲
",1,"须弥区域特产
","野外采集须弥山崖采集桓那兰那（梦境）NPC兰玛尼处购买
"
85,"蒲公英籽
","蒲公英籽
",1,"蒙德区域特产
","野外采集(采集帮助：采集视频，采集专栏）离岛远航之风购买（60000摩拉每个，每三天限购5个）奥摩斯港舶来品商店购买（1000摩拉每个，每三天限购5个）推荐：蒙德城门采集（使用风属性攻击击打蒲公英即可获得）
"
86,"辉木
","辉木
",1,"摆设素材
","野外采集须弥森林砍伐
"
87,"蝴蝶翅膀
","蝴蝶翅膀
",1,"素材
","野外采集
"
88,"「绝云椒椒」的种子
","「绝云椒椒」的种子
",1,"种子
","装备化种匣后采取绝云椒椒
"
89,"新兵的徽记
","新兵的徽记
",1,"角色与武器培养素材
","普通怪物掉落先遣队掉落债务处理人少量掉落(债务处理人位置视频雷萤术士位置视频)（推荐：先遣队六兄弟位置）雷萤术士少量掉落
"
90,"金鱼草
","金鱼草
",1,"食材
","河岸湖泊采摘野外采集蒙德-坠星山谷NPC克罗丽丝处购买，280摩拉，限购10个，每三日刷新。
"
91,"虾仁
","虾仁
",1,"食材
","杂货店购买璃月杂货店购买稻妻杂货店购买璃月港鱼贩老孙购买（每天50个）离岛渔夫小畑购买（每天50个）须弥杂货店购买奥摩斯港鱼贩布特罗斯购买须弥城渔民珀姆购买
"
92,"水晶块
","水晶块
",1,"锻造用矿石
","野外采集推荐：风龙废墟采集奥摩斯港商人秋蔚购买（每三天10个）
"
93,"竹节
","竹节
",1,"摆设素材
","野外采集推荐：轻策庄砍伐
"
94,"「马尾」的种子
","「马尾」的种子
",1,"种子
","装备化种匣后采取马尾
"
95,"刺葵木
","刺葵木
",1,"摆设素材
","野外采集须弥沙漠砍伐
"
96,"松果
","松果
",1,"食材
","野外采集
"
97,"红色染料
","红色染料
",1,"摆设素材
","合成获得
"
98,"枫木
","枫木
",1,"摆设素材
","野外采集鸣神岛砍伐
"
99,"褪色红绸
","褪色红绸
",1,"角色与武器培养素材
","普通怪物掉落镀金旅团掉落
"
100,"奶油
","奶油
",1,"食材
","烹饪加工获得蒙德城猎鹿人购买（每周10个）
"
101,"「梦里花·棠铃」的花种
","「梦里花·棠铃」的花种
",1,"种子
","「梦里生花」活动兑换
"
102,"星螺
","星螺
",1,"璃月区域特产
","野外采集璃月海滩采集(采集帮助：采集视频)璃月港万有铺子老板博来处购买（1000摩拉每个，三天刷新一次，限购五个）
"
103,"「甜甜花」的种子
","「甜甜花」的种子
",1,"种子
","装备化种匣后采取甜甜花
"
104,"「墩墩桃」的种子
","「墩墩桃」的种子
",1,"种子
","装备化种匣后采取墩墩桃
"
105,"胡萝卜
","胡萝卜
",1,"食材
","野外采集采集视频璃月万民堂卯师傅处购买（每三天10个）
"
106,"「海灵芝」的样本
","「海灵芝」的样本
",1,"种子
","装备化种匣后采取海灵芝
"
107,"火腿
","火腿
",1,"食材
","烹饪加工获得蒙德城猎鹿人购买（每周10个）璃月港万民堂购买（每周10个）
"
108,"苹果
","苹果
",1,"食材
","野外采集璃月商贩：博来处购买
"
109,"白萝卜
","白萝卜
",1,"食材
","野外采集璃月港万民堂购买（每三天10个）稻妻城志村屋购买（每三天10个）
"
110,"帕蒂沙兰
","帕蒂沙兰
",1,"须弥区域特产
","野外采集须弥城附近采集须弥城大巴扎香料商人朱特处购买
"
111,"钩钩果
","钩钩果
",1,"蒙德区域特产
","奔狼领采集(采集帮助：采集视频，采集专栏)野外采集风起地克罗丽丝处购买（每三天5个）
"
112,"血斛
","血斛
",1,"稻妻区域特产
","野外采集推荐：名椎滩采集
"
113,"业果木
","业果木
",1,"摆设素材
","野外采集须弥森林砍伐
"
114,"青蛙
","青蛙
",1,"素材
","野外采集淡水水域采集
"
115,"「胡萝卜」的种子
","「胡萝卜」的种子
",1,"种子
","装备化种匣后采取胡萝卜
"
116,"夜泊石
","夜泊石
",1,"璃月区域特产
","野外采集璃月山洞内采集推荐：明蕴镇采集(采集帮助：采集视频)璃月港商人石头购买（每三天5个，1000摩拉/个）奥摩斯港商人秋蔚购买（每三天5个，1000摩拉/个）
"
117,"豆腐
","豆腐
",1,"食材
","杂货店购买璃月杂货店购买稻妻杂货店购买望泷村清子购买（每周10个）须弥杂货店购买轻策庄豆腐坊购买（每三天10个）
"
118,"绯樱绣球
","绯樱绣球
",1,"稻妻区域特产
","(采集帮助：采集视频)野外采集鸣神岛采集
"
119,"鳗肉
","鳗肉
",1,"食材
","野外采集离岛山城健太处购买（每天10个）（需完成天下人之章第二幕）海祇岛采集沙漠采集
"
120,"番茄
","番茄
",1,"食材
","杂货店购买蒙德杂货店购买璃月杂货店购买稻妻杂货店购买望泷村每周限购10个须弥杂货店购买
"
121,"幽灯蕈
","幽灯蕈
",1,"稻妻区域特产
","(采集帮助：点击跳转视频)野外采集稻妻鹤观采集
"
122,"落落莓
","落落莓
",1,"蒙德区域特产
","野外采集推荐：望风山地采集(采集帮助：采集视频，采集专栏)风起地克罗丽丝处购买（每三天5个）
"
123,"马尾
","马尾
",1,"素材
","野外采集荻草丛中，湿地采集推荐：荻花洲采集（采集帮助：采集视频）璃月港不卜庐购买（每三天10个）
"
124,"松木
","松木
",1,"摆设素材
","野外采集龙脊雪山区域采集蒙德城采集无妄坡采集
"
125,"「莲蓬」的种子
","「莲蓬」的种子
",1,"种子
","装备化种匣后采取莲蓬
"
126,"柽木
","柽木
",1,"摆设素材
","野外采集须弥沙漠砍伐
"
127,"牢固的箭簇
","牢固的箭簇
",1,"角色与武器培养素材
","普通怪物掉落射手类丘丘人掉落(推荐位置：点击跳转视频)
"
128,"土豆
","土豆
",1,"食材
","杂货店购买蒙德杂货店购买璃月杂货店购买稻妻杂货店购买望泷村每周限购10个璃月港商人长顺购买须弥杂货店购买
"
129,"黄色染料
","黄色染料
",1,"摆设素材
","合成获得
"
130,"卷心菜
","卷心菜
",1,"食材
","野外采集杂货店购买蒙德杂货店购买璃月杂货店购买稻妻杂货店购买奇怪的丘丘人掉落须弥杂货店购买
"
131,"鬼兜虫
","鬼兜虫
",1,"稻妻区域特产
","（采集帮助：采集路线图）野外采集推荐：鸣神岛采集推荐：踏鞴砂采集
"
132,"「梦里花·绣荚」的花种
","「梦里花·绣荚」的花种
",1,"种子
","「梦里生花」活动兑换
"
133,"桦木
","桦木
",1,"摆设素材
","野外采集星落湖采集晨曦酒庄七天神像附近采集
"
134,"「风车菊」的种子
","「风车菊」的种子
",1,"种子
","装备化种匣后采取风车菊
"
135,"「须弥蔷薇」的种子
","「须弥蔷薇」的种子
",1,"种子
","装备化种匣后采取须弥蔷薇
"
136,"松茸
","松茸
",1,"食材
","野外采集野外砍树丛有几率掉落璃月港万民堂卯师傅处购买望舒客栈老板娘处购买
"
137,"培根
","培根
",1,"食材
","烹饪加工获得蒙德城猎鹿人购买（每周10个）稻妻城志村屋购买（每周10个）须弥城兰巴德酒馆购买（每周10个）
"
138,"日落果
","日落果
",1,"食材
","野外采集璃月港万有商铺购买（每三天10个）梦中的桓那兰那兰玛尼处购买（每三天10个）
"
139,"螃蟹
","螃蟹
",1,"食材
","时与风任务中的无人小岛野外采集河岸湖泊海滩采集（采集视频）万民堂-卯师傅处购买（折扣价215摩拉）璃月港-老孙处购买（240摩拉）稻妻-离岛-小畑处购买（240摩拉）稻妻-稻妻城-志村勘兵卫处购买（折扣价215摩拉）须弥-兰巴德酒馆购买（240摩拉）须弥-珀姆处购买（240摩拉）须弥-奥摩斯港-布特罗斯处购买（240摩拉）
"
140,"墩墩桃
","墩墩桃
",1,"食材
","野外采集须弥杂货店购买（每三天10个）梦中的桓那兰那兰玛尼购买（每三天10个）阿如村商人阿扎莱购买（每三天10个）
"
141,"风车菊
","风车菊
",1,"蒙德区域特产
","野外采集风起地七天神像附近采集野外树下采集推荐：风龙废墟采集(采集帮助：采集视频，风龙废墟-采集专栏)蒙德城花语店主芙萝拉处购买（1000摩拉每个，三天刷新一次，限购五个）
"
142,"「薄荷」的种子
","「薄荷」的种子
",1,"种子
","装备化种匣后采取薄荷
"
143,"证悟木
","证悟木
",1,"摆设素材
","野外采集须弥森林砍伐
"
144,"发光髓
","发光髓
",1,"素材
","野外采集
"
145,"「海草」的种子
","「海草」的种子
",1,"种子
","装备化种匣后采取海草
"
146,"莲蓬
","莲蓬
",1,"食材
","河岸湖泊采集探索派遣野外采集万民堂购买（每三天10个）不卜庐购买（每三天10个）
"
147,"鸣草
","鸣草
",1,"稻妻区域特产
","（采集帮助：采集视频）野外采集稻妻杂货店购买（每三天5个）奥摩斯港舶来品商店购买（每三天5个）（需完成天下人之章第二幕）推荐：踏鞴砂采集
"
148,"神秘的肉
","神秘的肉
",1,"食材
","动物掉落
"
149,"洋葱
","洋葱
",1,"食材
","杂货店购买蒙德杂货店购买璃月杂货店购买稻妻杂货店购买须弥杂货店购买
"
150,"枯焦的星蕈
","枯焦的星蕈
",1,"食材
","野外采集
"
151,"冰雾花花朵
","冰雾花花朵
",1,"素材
","野外采集推荐：晨曦酒庄采集璃月港不卜庐购买（每三天5个）
"
152,"萃华木
","萃华木
",1,"摆设素材
","野外采集（坠星山谷，碧水原（其实就是果树））
"
153,"「嘟嘟莲」的种子
","「嘟嘟莲」的种子
",1,"种子
","装备化种匣后采取嘟嘟莲
"
154,"果酱
","果酱
",1,"食材
","烹饪加工获得蒙德城猎鹿人购买（每周10个）
"
155,"蓝色染料
","蓝色染料
",1,"摆设素材
","合成获得
"
156,"破旧的刀镡
","破旧的刀镡
",1,"角色与武器培养素材
","普通怪物掉落野伏众掉落（帮助：位置视频）
"
157,"沙脂蛹
","沙脂蛹
",1,"须弥区域特产
","须弥沙漠采集野外采集推荐：沙虫隧道采集
"
158,"面粉
","面粉
",1,"食材
","烹饪加工获得蒙德猎鹿人购买（每周10个）璃月港万民堂购买（每周10个）稻妻城志村屋购买（每周10个）须弥城兰巴德酒馆购买（每周10个）阿如村商人阿扎莱购买（每周10个）
"
159,"琉璃袋
","琉璃袋
",1,"璃月区域特产
","野外采集璃月山壁采集(采集帮助:采集视频)不卜庐阿桂处购买（1000摩拉每个，三天刷新一次，限购五个）望舒客栈菲尔戈黛特处购买（1000摩拉每个，三天刷新一次，限购五个）奥摩斯港巴巴克处购买（1000摩拉每个，三天刷新一次，限购五个）
"
160,"却砂木
","却砂木
",1,"摆设素材
","野外采集璃月区域采集（只要是银杏叶的都是）
"
161,"「琉璃百合」的种子
","「琉璃百合」的种子
",1,"种子
","装备化种匣后采取琉璃百合
"
162,"寻宝鸦印
","寻宝鸦印
",1,"角色与武器培养素材
","普通怪物掉落盗宝团成员掉落（盗宝团位置视频）
"
163,"绝云椒椒
","绝云椒椒
",1,"璃月区域特产
","野外采集推荐：轻策庄采摘(采集帮助：采集视频，轻策庄-采集专栏，华光林-采集专栏，绝云间和南天门-采集专栏)璃月港万民堂购买（每三天5个）
"
164,"孔雀木
","孔雀木
",1,"摆设素材
","野外采集鸣神岛砍伐
"
165,"香肠
","香肠
",1,"食材
","烹饪加工获得蒙德城猎鹿人购买（每周10个）璃月港万民堂购买（每周10个）望舒客栈购买（每周10个）稻妻城志村屋购买（每周10个）须弥城兰巴德酒馆购买（每周10个）
"
166,"稻米
","稻米
",1,"食材
","杂货店购买璃月杂货店购买稻妻杂货店购买须弥杂货店购买
"
167,"「巧思」的教导
","「巧思」的教导
",2,"角色天赋素材
","活动获得秘境获得昏识塔精通秘境:妙语Ⅰ/Ⅱ/Ⅲ/Ⅳ（昏识塔限时开启）时间：周二/周五/周日
"
168,"浮游幽核
","浮游幽核
",2,"角色与武器培养素材
","普通怪物掉落合成获得40级以上飘浮灵掉落(推荐位置：点击跳转视频)
"
169,"涤净青金碎屑
","涤净青金碎屑
",2,"角色突破素材
","BOSS掉落纯水精灵掉落水属性古岩龙蜥掉落风魔龙挑战奖励黄金屋挑战奖励水属性若陀龙王挑战奖励无相之水掉落兆载永劫龙兽掉落正机之神挑战奖励周常BOSS掉落纪念品商店兑换
"
170,"「天光」的教导
","「天光」的教导
",2,"角色天赋素材
","活动获得时间：周三/周六/周日秘境获得菫色之庭精通秘境:真葛废都I/II/III/IV（菫色之庭限时开启）
"
171,"高塔孤王的破瓦
","高塔孤王的破瓦
",2,"武器突破素材
","纪念品商店兑换秘境获得塞西莉亚苗圃炼武秘境:水光之城Ⅰ/Ⅱ/Ⅲ/Ⅳ（塞西莉亚苗圃限时开启）时间：周一/周四/周日活动获得参量转化
"
172,"谧林涓露的铜符
","谧林涓露的铜符
",2,"武器突破素材
","秘境获得合成获得有顶塔炼武秘境:云垢 Ⅰ/Ⅱ/Ⅲ/Ⅳ（有顶塔限时开启）时间：周一/周四/周日
"
173,"猎兵祭刀
","猎兵祭刀
",2,"武器培养素材
","债务处理人掉落(债务处理人位置视频)精英怪物掉落
"
174,"雾海云间的铅丹
","雾海云间的铅丹
",2,"武器突破素材
","纪念品商店兑换秘境获得震雷连山密宫炼武秘境:鸣雷城墟Ⅰ/Ⅱ/Ⅲ/Ⅳ（震雷连山密宫限时开启）时间：周二/周五/周日活动获得参量转化
"
175,"失活菌核
","失活菌核
",2,"武器培养素材
","普通怪物掉落蕈兽掉落
"
176,"封魔绘卷
","封魔绘卷
",2,"角色与武器培养素材
","普通怪物掉落合成获得40级以上丘丘人萨满掉落
"
177,"今昔剧画之恶尉
","今昔剧画之恶尉
",2,"武器突破素材
","活动获得参量转化秘境获得砂流之庭炼武秘境:流沙之葬 Ⅰ/Ⅱ/Ⅲ/Ⅳ（砂流之庭限时开启）时间：周三/周六/周日
"
178,"黯淡棱镜
","黯淡棱镜
",2,"武器培养素材
","精英怪物掉落愚人众·冬国仕女掉落（帮助：位置视频）
"
179,"荧草饵
","荧草饵
",2,"鱼饵
","完成鲸井椛任务获得
"
180,"烈日威权的残响
","烈日威权的残响
",2,"武器突破素材
","秘境获得合成获得有顶塔炼武秘境:引业 Ⅰ/Ⅱ/Ⅲ/Ⅳ（有顶塔限时开启）时间：周三/周六/周日
"
181,"璀璨原钻碎屑
","璀璨原钻碎屑
",2,"角色突破素材
","冒险等阶奖励
"
182,"「自由」的教导
","「自由」的教导
",2,"角色天赋素材
","活动获得忘却之峡精通秘境:霜凝祭坛Ⅰ/Ⅱ/Ⅲ/Ⅳ(忘却之峡限时开启)时间：周一/周四/周日秘境获得
"
183,"破缺棱晶
","破缺棱晶
",2,"武器培养素材
","元能构装体掉落星尘兑换
"
184,"坚牢黄玉碎屑
","坚牢黄玉碎屑
",2,"角色突破素材
","BOSS掉落纪念品商店兑换北风狼挑战奖励无相之岩掉落黄金王兽掉落周常BOSS掉落古岩龙蜥掉落若陀龙王挑战奖励恒常机关阵列掉落遗迹巨蛇掉落
"
185,"残毁的横脊
","残毁的横脊
",2,"武器培养素材
","精英怪物掉落圣骸兽掉落
"
186,"脆弱的骨片
","脆弱的骨片
",2,"武器培养素材
","幼岩龙蜥掉落(幼岩龙蜥位置：视频)精英怪物掉落岩龙蜥掉落深海龙蜥与深海龙蜥幼体掉落
"
187,"精锻用良矿
","精锻用良矿
",2,"武器强化素材
","解决事件报酬由白铁块或星银矿石锻造获得
"
188,"狮牙斗士的枷锁
","狮牙斗士的枷锁
",2,"武器突破素材
","纪念品商店兑换秘境获得塞西莉亚苗圃炼武秘境:渴水的废都Ⅰ/Ⅱ/Ⅲ/Ⅳ（塞西莉亚苗圃限时开启）时间：周三/周六/周日活动获得参量转化
"
189,"「诗文」的教导
","「诗文」的教导
",2,"角色天赋素材
","活动获得忘却之峡精通秘境:沉睡之国Ⅰ/Ⅱ/Ⅲ/Ⅳ（忘却之峡限时开启）时间：周三/周六/周日秘境获得
"
190,"孤云寒林的光砂
","孤云寒林的光砂
",2,"武器突破素材
","纪念品商店兑换秘境获得震雷连山密宫炼武秘境:雷云祭坛Ⅰ/Ⅱ/Ⅲ/Ⅳ（震雷连山密宫限时开启）时间：周一/周四/周日活动获得参量转化
"
191,"荧光孢粉
","荧光孢粉
",2,"角色与武器培养素材
","普通怪物掉落合成获得40级以上蕈兽掉落
"
192,"地脉的旧枝
","地脉的旧枝
",2,"武器培养素材
","（深渊法师位置）精英怪物掉落深渊法师/咏者/使徒掉落
"
193,"果酿饵
","果酿饵
",2,"鱼饵
","合成获得
"
194,"绿洲花园的追忆
","绿洲花园的追忆
",2,"武器突破素材
","秘境获得合成获得有顶塔炼武秘境:思惑 Ⅰ/Ⅱ/Ⅲ/Ⅳ（有顶塔限时开启）时间：周二/周五/周日
"
195,"晦暗刻像
","晦暗刻像
",2,"武器培养素材
","精英怪物掉落黑蛇众掉落深渊使徒深渊咏者掉落
"
196,"「笃行」的教导
","「笃行」的教导
",2,"角色天赋素材
","活动获得秘境获得昏识塔精通秘境:律藏Ⅰ/Ⅱ/Ⅲ/Ⅳ（昏识塔限时开启）时间：周三/周六/周日
"
197,"史莱姆清
","史莱姆清
",2,"角色与武器培养素材
","普通怪物掉落合成获得40级以上史莱姆掉落
"
198,"「浮世」的教导
","「浮世」的教导
",2,"角色天赋素材
","活动获得时间：周一/周四/周日秘境获得在稻妻开启宝箱时概率获得菫色之庭精通秘境:菫染之国Ⅰ/Ⅱ/Ⅲ/Ⅳ（菫色之庭限时开启）
"
199,"鸣神御灵的明惠
","鸣神御灵的明惠
",2,"武器突破素材
","秘境获得砂流之庭炼武秘境:砂之祭场 Ⅰ/Ⅱ/Ⅲ/Ⅳ（砂流之庭限时开启）时间：周二/周五/周日活动获得参量转化
"
200,"「勤劳」的教导
","「勤劳」的教导
",2,"角色天赋素材
","活动获得太山府精通秘境:深炎之底Ⅰ/Ⅱ/Ⅲ/Ⅳ（太山府限时开启）时间：周二/周五/周日秘境获得
"
201,"哀叙冰玉碎屑
","哀叙冰玉碎屑
",2,"角色突破素材
","BOSS掉落纪念品商店兑换急冻树掉落北风狼挑战奖励无相之冰掉落周常BOSS掉落冰属性古岩龙蜥掉落冰属性若陀龙王挑战奖励黄金屋挑战奖励魔偶剑鬼掉落恒常机关阵列掉落女士挑战奖励深海龙蜥之群掉落兆载永劫龙兽掉落
"
202,"雾虚花粉
","雾虚花粉
",2,"武器培养素材
","（雷萤术士位置视频）萤术士掉落精英怪物掉落
"
203,"自在松石碎屑
","自在松石碎屑
",2,"角色突破素材
","BOSS掉落纪念品商店兑换无相之风掉落魔偶剑鬼掉落每日委托奖励半永恒统辖矩阵掉落风蚀沙虫掉落周常BOSS掉落风魔龙挑战奖励正机之神挑战奖励
"
204,"远海夷地的瑚枝
","远海夷地的瑚枝
",2,"武器突破素材
","秘境获得砂流之庭炼武秘境:沉砂之渊 Ⅰ/Ⅱ/Ⅲ/Ⅳ（砂流之庭限时开启）时间：周一/周四/周日活动获得参量转化
"
205,"「诤言」的教导
","「诤言」的教导
",2,"角色天赋素材
","活动获得秘境获得昏识塔精通秘境:圆镜Ⅰ/Ⅱ/Ⅲ/Ⅳ（昏识塔限时开启）时间：周一/周四/周日
"
206,"混沌机关
","混沌机关
",2,"武器培养素材
","精英怪物掉落遗迹机兵掉落（帮助：位置视频）
"
207,"赤糜饵
","赤糜饵
",2,"鱼饵
","合成获得
"
208,"锐利的箭簇
","锐利的箭簇
",2,"角色与武器培养素材
","普通怪物掉落合成获得40级以上射手类丘丘人掉落(推荐位置：点击跳转视频)
"
209,"士官的徽记
","士官的徽记
",2,"角色与武器培养素材
","普通怪物掉落合成获得40级以上先遣队掉落40级以上债务处理人少量掉落40级以上雷莹术士少量掉落(债务处理人位置视频雷萤术士位置视频)（推荐：先遣队六兄弟位置）
"
210,"甘露饵
","甘露饵
",2,"鱼饵
","合成获得（鱼饵图纸用三只花鳉在须弥奥摩斯港的钓鱼协会兑换）
"
211,"生长碧翡碎屑
","生长碧翡碎屑
",2,"角色突破素材
","BOSS掉落纪念品商店兑换翠翎恐蕈掉落无相之草掉落
"
212,"影打刀镡
","影打刀镡
",2,"角色与武器培养素材
","普通怪物掉落野伏众掉落（帮助：位置视频）
"
213,"镶边红绸
","镶边红绸
",2,"角色与武器培养素材
","普通怪物掉落镀金旅团掉落
"
214,"藏银鸦印
","藏银鸦印
",2,"角色与武器培养素材
","普通怪物掉落合成获得40级以上盗宝团成员掉落掉落（盗宝团位置视频）
"
215,"燃愿玛瑙碎屑
","燃愿玛瑙碎屑
",2,"角色突破素材
","BOSS掉落纪念品商店兑换火属性古岩龙蜥掉落北风狼挑战奖励周常BOSS掉落爆炎树掉落无相之火掉落火属性若陀龙王挑战奖励女士挑战奖励半永恒统辖矩阵掉落
"
216,"蠕虫假饵
","蠕虫假饵
",2,"鱼饵
","合成获得
"
217,"最胜紫晶碎屑
","最胜紫晶碎屑
",2,"角色突破素材
","BOSS掉落无相之雷掉落雷属性古岩龙蜥掉落雷属性若陀龙王挑战奖励风魔龙挑战奖励黄金屋挑战奖励雷音权现掉落深海龙蜥之群掉落永恒的守护者挑战奖励正机之神挑战奖励掣电树掉落周常BOSS掉落纪念品商店兑换
"
218,"隐兽指爪
","隐兽指爪
",2,"武器培养素材
","兽境幼兽掉落兽境猎犬掉落精英怪物掉落
"
219,"「抗争」的教导
","「抗争」的教导
",2,"角色天赋素材
","活动获得忘却之峡精通秘境:冰封废渊Ⅰ/Ⅱ/Ⅲ/Ⅳ（忘却之峡限时开启）时间：周二/周五/周日秘境获得
"
220,"漆黑陨铁的一粒
","漆黑陨铁的一粒
",2,"武器突破素材
","纪念品商店兑换秘境获得震雷连山密宫炼武秘境:古雷试炼场Ⅰ/Ⅱ/Ⅲ/Ⅳ（震雷连山密宫限时开启）时间：周三/周六/周日活动获得参量转化
"
221,"流浪者的经验
","流浪者的经验
",2,"角色经验素材
","冒险与探索奖励
"
222,"沉重号角
","沉重号角
",2,"武器培养素材
","(帮助视频：点击跳转)精英怪物掉落丘丘暴徒与丘丘王掉落
"
223,"塞西莉亚花
","塞西莉亚花
",2,"蒙德区域特产
","野外采集推荐：摘星崖采集（采集帮助：采集视频）蒙德城花语店主芙萝拉处购买（1000摩拉每个，三天刷新一次，限购五个）
"
224,"「黄金」的教导
","「黄金」的教导
",2,"角色天赋素材
","活动获得太山府精通秘境:焚尽之环Ⅰ/Ⅱ/Ⅲ/Ⅳ（太山府限时开启）秘境获得时间：周三/周六/周日在璃月开启宝箱时概率获得
"
225,"污秽的面具
","污秽的面具
",2,"角色与武器培养素材
","普通怪物掉落合成获得40级以上丘丘人掉落40级以上射手类丘丘人少量掉落40级以上丘丘萨满少量掉落40级以上大体格丘丘人少量掉落
"
226,"微光花蜜
","微光花蜜
",2,"角色与武器培养素材
","普通怪物掉落合成获得40级以上骗骗花掉落(采集帮助：骗骗花位置视频)
"
227,"「风雅」的教导
","「风雅」的教导
",2,"角色天赋素材
","活动获得时间：周二/周五/周日秘境获得菫色之庭精通秘境:初雷幽谷Ⅰ/Ⅱ/Ⅲ/Ⅳ（菫色之庭限时开启）
"
228,"「繁荣」的教导
","「繁荣」的教导
",2,"角色天赋素材
","活动获得太山府精通秘境:炽炎祭场Ⅰ/Ⅱ/Ⅲ/Ⅳ（太山府限时开启）时间：周一/周四/周日秘境获得
"
229,"混沌容器
","混沌容器
",2,"武器培养素材
","普通怪物掉落自律机关掉落
"
230,"混沌装置
","混沌装置
",2,"武器培养素材
","遗迹守卫掉落遗迹猎者掉落遗迹重机掉落精英怪物掉落
"
231,"飞蝇假饵
","飞蝇假饵
",2,"鱼饵
","合成获得
"
232,"凛风奔狼的始龀
","凛风奔狼的始龀
",2,"武器突破素材
","纪念品商店兑换秘境获得塞西莉亚苗圃炼武秘境:深没之谷Ⅰ/Ⅱ/Ⅲ/Ⅳ（塞西莉亚苗圃限时开启）时间：周二/周五/周日活动获得参量转化
"
233,"隐兽利爪
","隐兽利爪
",3,"武器培养素材
","40级以上兽境幼兽掉落40级以上兽境猎犬掉落
"
234,"「抗争」的指引
","「抗争」的指引
",3,"角色天赋素材
","合成获得活动获得忘却之峡精通秘境:冰封废渊Ⅱ/Ⅲ/Ⅳ（忘却之峡限时开启）时间：周二/周五/周日秘境获得
"
235,"漆黑陨铁的一片
","漆黑陨铁的一片
",3,"武器突破素材
","秘境获得合成获得震雷连山密宫炼武秘境:古雷试炼场Ⅱ/Ⅲ/Ⅳ（震雷连山密宫限时开启）时间：周三/周六/周日活动获得参量转化
"
236,"冒险家的经验
","冒险家的经验
",3,"角色经验素材
","冒险与探索奖励
"
237,"黑铜号角
","黑铜号角
",3,"武器培养素材
","普通怪物掉落合成获得40级以上大体格丘丘人掉落(帮助视频：点击跳转)
"
238,"冒险阅历
","冒险阅历
",3,"其他
","世界探索任务报酬
"
239,"灯纸纤维
","灯纸纤维
",3,"活动材料
","植物类采集物中获取
"
240,"「黄金」的指引
","「黄金」的指引
",3,"角色天赋素材
","合成获得活动获得太山府精通秘境:焚尽之环Ⅱ/Ⅲ/Ⅳ（太山府限时开启）时间：周三/周六/周日秘境获得
"
241,"「风雅」的指引
","「风雅」的指引
",3,"角色天赋素材
","活动获得合成获得时间：周二/周五/周日秘境获得菫色之庭精通秘境:初雷幽谷Ⅱ/Ⅲ/Ⅳ（菫色之庭限时开启）
"
242,"声望经验·璃月
","声望经验·璃月
",3,"其他
","璃月世界任务璃月悬赏讨伐璃月居民请求
"
243,"「繁荣」的指引
","「繁荣」的指引
",3,"角色天赋素材
","合成获得活动获得太山府精通秘境:炽炎祭场Ⅱ/Ⅲ/Ⅳ（太山府限时开启）时间：周一/周四/周日秘境获得
"
244,"洞天宝钱
","洞天宝钱
",3,"其他
","尘歌壶
"
245,"混沌模块
","混沌模块
",3,"武器培养素材
","普通怪物掉落自律机关掉落
"
246,"混沌回路
","混沌回路
",3,"武器培养素材
","普通怪物掉落合成获得40级以上遗迹守卫掉落40级以上遗迹猎者掉落40级以上遗迹重机掉落
"
247,"凛风奔狼的裂齿
","凛风奔狼的裂齿
",3,"武器突破素材
","秘境获得合成获得塞西莉亚苗圃炼武秘境:深没之谷Ⅱ/Ⅲ/Ⅳ（塞西莉亚苗圃限时开启）时间：周二/周五/周日活动获得参量转化
"
248,"「巧思」的指引
","「巧思」的指引
",3,"角色天赋素材
","活动获得秘境获得昏识塔精通秘境:妙语Ⅰ/Ⅱ/Ⅲ/Ⅳ（昏识塔限时开启）时间：周二/周五/周日合成获得
"
249,"绿洲花园的恩惠
","绿洲花园的恩惠
",3,"武器突破素材
","秘境获得合成获得有顶塔炼武秘境:思惑 Ⅱ/Ⅲ/Ⅳ（有顶塔限时开启）时间：周二/周五/周日
"
250,"涤净青金断片
","涤净青金断片
",3,"角色突破素材
","BOSS掉落40级以上纯水精灵掉落40级以上水属性古岩龙蜥掉落40级以上风魔龙挑战奖励40级以上黄金屋挑战奖励40级以上水属性若陀龙王挑战奖励40级以上无相之水掉落40级以上兆载永劫龙兽掉落40级以上正机之神挑战奖励周常BOSS掉落合成获得
"
251,"节庆热度（「磬弦奏华夜」）
","节庆热度（「磬弦奏华夜」）
",3,"其他
","「磬弦奏华夜」活动获得
"
252,"「天光」的指引
","「天光」的指引
",3,"角色天赋素材
","活动获得合成获得时间：周三/周六/周日秘境获得菫色之庭精通秘境:真葛废都II/III/IV（菫色之庭限时开启）
"
253,"高塔孤王的残垣
","高塔孤王的残垣
",3,"武器突破素材
","秘境获得合成获得塞西莉亚苗圃炼武秘境:水光之城Ⅱ/Ⅲ/Ⅳ（塞西莉亚苗圃限时开启）时间：周一/周四/周日活动获得参量转化
"
254,"灯芯绒材
","灯芯绒材
",3,"活动材料
","丘丘人系列魔物产出愚人众精英产出
"
255,"禁咒绘卷
","禁咒绘卷
",3,"角色与武器培养素材
","普通怪物掉落合成获得60级以上丘丘萨满掉落
"
256,"史莱姆原浆
","史莱姆原浆
",3,"角色与武器培养素材
","普通怪物掉落合成获得60级以上史莱姆掉落
"
257,"谧林涓露的铁符
","谧林涓露的铁符
",3,"武器突破素材
","秘境获得合成获得有顶塔炼武秘境:云垢 Ⅱ/Ⅲ/Ⅳ（有顶塔限时开启）时间：周一/周四/周日
"
258,"特工祭刀
","特工祭刀
",3,"武器培养素材
","普通怪物掉落合成获得40级以上债务处理人掉落(债务处理人位置视频)
"
259,"霜噬碎屑
","霜噬碎屑
",3,"活动材料
","「白垩与黑龙」活动期间击杀怪物掉落
"
260,"声望经验·稻妻
","声望经验·稻妻
",3,"其他
","稻妻世界任务稻妻悬赏讨伐稻妻居民请求
"
261,"雾海云间的汞丹
","雾海云间的汞丹
",3,"武器突破素材
","秘境获得合成获得震雷连山密宫炼武秘境:鸣雷城墟Ⅱ/Ⅲ/Ⅳ（震雷连山密宫限时开启）时间：周二/周五/周日活动获得参量转化
"
262,"休眠菌核
","休眠菌核
",3,"武器培养素材
","普通怪物掉落蕈兽掉落
"
263,"今昔剧画之虎啮
","今昔剧画之虎啮
",3,"武器突破素材
","合成获得活动获得参量转化秘境获得砂流之庭炼武秘境:流沙之葬 Ⅱ/Ⅲ/Ⅳ（砂流之庭限时开启）时间：周三/周六/周日
"
264,"「诤言」的指引
","「诤言」的指引
",3,"角色天赋素材
","活动获得合成获得秘境获得昏识塔精通秘境:圆镜Ⅰ/Ⅱ/Ⅲ/Ⅳ（昏识塔限时开启）时间：周一/周四/周日
"
265,"璀璨原钻断片
","璀璨原钻断片
",3,"角色突破素材
","冒险等阶奖励
"
266,"纪行经验
","纪行经验
",3,"其他
","纪行任务获取
"
267,"「自由」的指引
","「自由」的指引
",3,"角色天赋素材
","合成获得活动获得忘却之峡精通秘境:霜凝祭坛Ⅱ/Ⅲ/Ⅳ(忘却之峡限时开启)时间：周一/周四/周日
"
268,"尉官的徽记
","尉官的徽记
",3,"角色与武器培养素材
","普通怪物掉落合成获得60级以上先遣队掉落60级以上债务处理人少量掉落60级以上雷莹术士少量掉落(债务处理人位置视频雷萤术士位置视频)（推荐：先遣队六兄弟位置）
"
269,"混浊棱晶
","混浊棱晶
",3,"武器培养素材
","合成获得40级以上元能构装体掉落星尘兑换
"
270,"坚牢黄玉断片
","坚牢黄玉断片
",3,"角色突破素材
","BOSS掉落合成获得40级以上无相之岩掉落40级以上北风狼挑战奖励40级以上黄金王兽掉落周常BOSS掉落40级以上古岩龙蜥掉落40级以上若陀龙王挑战奖励40级以上恒常机关阵列掉落40级以上遗迹巨蛇掉落
"
271,"密固的横脊
","密固的横脊
",3,"武器培养素材
","精英怪物掉落圣骸兽掉落
"
272,"逐月节节庆热度
","逐月节节庆热度
",3,"其他
","完成「觅取月晖」与「珍肴霞踪」可获得
"
273,"狮牙斗士的铁链
","狮牙斗士的铁链
",3,"武器突破素材
","秘境获得合成获得塞西莉亚苗圃炼武秘境:渴水的废都Ⅱ/Ⅲ/Ⅳ（塞西莉亚苗圃限时开启）时间：周三/周六/周日活动获得参量转化
"
274,"霜噬结晶
","霜噬结晶
",3,"活动材料
","「白垩与黑龙」活动期间击杀怪物掉落
"
275,"声望经验·须弥
","声望经验·须弥
",3,"其他
","须弥世界任务须弥悬赏讨伐须弥居民请求
"
276,"历战的箭簇
","历战的箭簇
",3,"角色与武器培养素材
","普通怪物掉落合成获得60级以上射手类丘丘人掉落(推荐位置：点击跳转视频)
"
277,"好感经验
","好感经验
",3,"其他
","委托任务洞天赠礼突发事件消耗  原粹树脂  
"
278,"「诗文」的指引
","「诗文」的指引
",3,"角色天赋素材
","合成获得活动获得忘却之峡精通秘境:沉睡之国Ⅱ/Ⅲ/Ⅳ（忘却之峡限时开启）时间：周三/周六/周日秘境获得
"
279,"孤云寒林的辉岩
","孤云寒林的辉岩
",3,"武器突破素材
","合成获得秘境获得震雷连山密宫炼武秘境:雷云祭坛 Ⅱ/Ⅲ/Ⅳ（震雷连山密宫限时开启）时间：周一/周四/周日活动获得参量转化
"
280,"孢囊晶尘
","孢囊晶尘
",3,"角色与武器培养素材
","普通怪物掉落合成获得60级以上蕈兽掉落
"
281,"攫金鸦印
","攫金鸦印
",3,"角色与武器培养素材
","普通怪物掉落合成获得60级以上盗宝团成员掉落（盗宝团位置视频）
"
282,"地脉的枯叶
","地脉的枯叶
",3,"武器培养素材
","普通怪物掉落合成获得40级以上深渊法师掉落（深渊法师位置）40级以上深渊使徒掉落
"
283,"节庆热度
","节庆热度
",3,"其他
","完成「海灯节轶事」可获得
"
284,"夤夜刻像
","夤夜刻像
",3,"武器培养素材
","精英怪物掉落黑蛇众掉落深渊使徒深渊咏者掉落
"
285,"「笃行」的指引
","「笃行」的指引
",3,"角色天赋素材
","活动获得秘境获得昏识塔精通秘境:律藏Ⅰ/Ⅱ/Ⅲ/Ⅳ（昏识塔限时开启）时间：周三/周六/周日合成获得
"
286,"摩拉
","摩拉
",3,"其他
","世界探索任务报酬纪念品商店兑换地脉衍出·藏金之花
"
287,"「浮世」的指引
","「浮世」的指引
",3,"角色天赋素材
","活动获得合成获得时间：周一/周四/周日秘境获得菫色之庭精通秘境:菫染之国Ⅱ/Ⅲ/Ⅳ（菫色之庭限时开启）
"
288,"鸣神御灵的欢喜
","鸣神御灵的欢喜
",3,"武器突破素材
","合成获得砂流之庭秘境获得炼武秘境:砂之祭场 Ⅱ/Ⅲ/Ⅳ（砂流之庭限时开启）时间：周二/周五/周日活动获得参量转化
"
289,"「勤劳」的指引
","「勤劳」的指引
",3,"角色天赋素材
","合成获得活动获得太山府精通秘境:深炎之底Ⅱ/Ⅲ/Ⅳ（太山府限时开启）时间：周二/周五/周日秘境获得
"
290,"不祥的面具
","不祥的面具
",3,"角色与武器培养素材
","普通怪物掉落合成获得60级以上丘丘人掉落60级以上射手类丘丘人少量掉落60级以上丘丘萨满人少量掉落60级以上大体格丘丘人少量掉落
"
291,"原素花蜜
","原素花蜜
",3,"角色与武器培养素材
","普通怪物掉落合成获得60级以上骗骗花掉落(采集帮助：骗骗花位置视频)
"
292,"哀叙冰玉断片
","哀叙冰玉断片
",3,"角色突破素材
","BOSS掉落合成获得40级以上急冻树掉落40级以上北风狼挑战奖励40级以上无相之冰掉落周常BOSS掉落40级以上冰属性古岩龙蜥掉落40级以上冰属性若陀龙王挑战奖励40级以上黄金屋挑战奖励40级以上魔偶剑鬼掉落40级以上恒常机关阵列掉落40级以上女士挑战奖励40级以上深海龙蜥之群掉落40级以上兆载永劫龙兽掉落
"
293,"雾虚草囊
","雾虚草囊
",3,"武器培养素材
","普通怪物掉落合成获得（雷萤术士位置视频）40级以上萤术士掉落
"
294,"自在松石断片
","自在松石断片
",3,"角色突破素材
","BOSS掉落合成获得40级以上无相之风掉落40级以上魔偶剑鬼掉落40级以上半永恒统辖矩阵掉落40级以上风蚀沙虫掉落周常BOSS掉落40级以上风魔龙挑战奖励40级以上正机之神挑战奖励
"
295,"结实的骨片
","结实的骨片
",3,"武器培养素材
","合成获得(幼岩龙蜥位置：视频)40级以上龙蜥（幼岩/岩/深海/深海幼）掉落精英怪物掉落
"
296,"名刀镡
","名刀镡
",3,"角色与武器培养素材
","普通怪物掉落野伏众掉落（帮助：位置视频）
"
297,"牌手经验
","牌手经验
",3,"其他
","大世界对局每周来客挑战
"
298,"混沌枢纽
","混沌枢纽
",3,"武器培养素材
","精英怪物掉落遗迹机兵掉落（帮助：位置视频）
"
299,"归风佳酿节节庆热度
","归风佳酿节节庆热度
",3,"其他
","「杯中遥吟之歌」活动获得
"
300,"浮游晶化核
","浮游晶化核
",3,"角色与武器培养素材
","普通怪物掉落合成获得60级以上飘浮灵掉落(推荐位置：点击跳转视频)
"
301,"角色经验
","角色经验
",3,"其他
","主线任务击败怪物
"
302,"浮生石片
","浮生石片
",3,"活动材料
","矿物类采集物幼岩龙蜥岩龙蜥丘丘岩盔王
"
303,"生长碧翡断片
","生长碧翡断片
",3,"角色突破素材
","BOSS掉落合成获得40级以上翠翎恐蕈掉落40级以上无相之草掉落
"
304,"织金红绸
","织金红绸
",3,"角色与武器培养素材
","普通怪物掉落镀金旅团掉落
"
305,"声望经验·蒙德
","声望经验·蒙德
",3,"其他
","蒙德世界任务蒙德悬赏讨伐蒙德居民请求
"
306,"远海夷地的玉枝
","远海夷地的玉枝
",3,"武器突破素材
","合成获得砂流之庭秘境获得炼武秘境:沉砂之渊 Ⅱ/Ⅲ/Ⅳ（砂流之庭限时开启）时间：周一/周四/周日活动获得参量转化
"
307,"燃愿玛瑙断片
","燃愿玛瑙断片
",3,"角色突破素材
","BOSS掉落合成获得40级以上北风狼挑战奖励40级以上无相之火挑战掉落40级以上爆炎树掉落周常BOSS掉落40级以上火属性古岩龙蜥掉落40级以上火属性若陀龙王挑战奖励40级以上女士挑战奖励40级以上半永恒统辖矩阵掉落
"
308,"精锻用魔矿
","精锻用魔矿
",3,"武器强化素材
","解决事件报酬由水晶块或魔晶块或紫晶块锻造获得
"
309,"水晶棱镜
","水晶棱镜
",3,"武器培养素材
","精英怪物掉落愚人众·冬国仕女掉落（帮助：位置视频）
"
310,"烈日威权的余光
","烈日威权的余光
",3,"武器突破素材
","秘境获得合成获得有顶塔时间：周三/周六/周日炼武秘境:引业 Ⅱ/Ⅲ/Ⅳ（有顶塔限时开启）
"
311,"最胜紫晶断片
","最胜紫晶断片
",3,"角色突破素材
","BOSS掉落40级以上无相之雷掉落40级以上雷音权现掉落40级以上雷属性古岩龙蜥掉落40级以上雷属性若陀龙王挑战奖励40级以上风魔龙挑战奖励40级以上黄金屋挑战奖励40级以上深海龙蜥之群掉落40级以上永恒的守护者挑战奖励40级以上正机之神挑战奖励40级以上掣电树掉落周常BOSS掉落合成获得
"
312,"晶凝之华
","晶凝之华
",4,"角色培养素材
","BOSS掉落30级以上无相之冰掉落
"
313,"飓风之种
","飓风之种
",4,"角色培养素材
","BOSS掉落30级以上无相之风掉落
"
314,"灭诤草蔓
","灭诤草蔓
",4,"角色培养素材
","BOSS掉落30级以上无相之草掉落
"
315,"绿洲花园的哀思
","绿洲花园的哀思
",4,"武器突破素材
","秘境获得合成获得有顶塔炼武秘境:思惑 Ⅲ/Ⅳ（有顶塔限时开启）时间：周二/周五/周日
"
316,"净水之心
","净水之心
",4,"角色培养素材
","BOSS掉落30级以上纯水精灵掉落
"
317,"生长碧翡块
","生长碧翡块
",4,"角色突破素材
","BOSS掉落合成获得60级以上翠翎恐蕈掉落60级以上无相之草掉落
"
318,"导光四面体
","导光四面体
",4,"角色培养素材
","BOSS掉落30级以上半永恒统辖矩阵掉落
"
319,"「童真的断篇」
","「童真的断篇」
",4,"精炼材料
","「盛夏！海岛？大冒险！」活动商店兑换
"
320,"苍砾蕊羽
","苍砾蕊羽
",4,"角色培养素材
","BOSS掉落30级以上风蚀沙虫掉落
"
321,"远海夷地的琼枝
","远海夷地的琼枝
",4,"武器突破素材
","合成获得砂流之庭秘境获得炼武秘境:沉砂之渊 Ⅲ/Ⅳ（砂流之庭限时开启）时间：周一/周四/周日
"
322,"「溶媒」
","「溶媒」
",4,"精炼材料
","「皑尘与雪影」活动商店兑换
"
323,"央陆弓原胚
","央陆弓原胚
",4,"素材
","其他来源（见下方来源章节）央陆原胚之匣（该途径获取详见该词条）周常BOSS掉落
"
324,"北陆长柄武器原胚
","北陆长柄武器原胚
",4,"素材
","其他来源（见下方来源章节）北陆原胚之匣（该途径获取详见该词条）周常BOSS掉落
"
325,"燃愿玛瑙块
","燃愿玛瑙块
",4,"角色突破素材
","BOSS掉落合成获得60级以上北风狼挑战奖励60级以上爆炎树掉落60级以上无相之火掉落周常BOSS掉落60级以上火属性古岩龙蜥掉落60级以上火属性若陀龙王挑战奖励60级以上女士挑战奖励60级以上半永恒统辖矩阵掉落
"
326,"最胜紫晶块
","最胜紫晶块
",4,"角色突破素材
","BOSS掉落60级以上无相之雷掉落60级以上雷属性古岩龙蜥掉落60级以上雷属性若陀龙王挑战奖励60级以上风魔龙挑战奖励60级以上黄金屋挑战奖励60级以上雷音权现掉落60级以上深海龙蜥之群掉落60级以上永恒的守护者挑战奖励60级以上正机之神挑战奖励60级以上掣电树掉落周常BOSS掉落合成获得
"
327,"隐兽鬼爪
","隐兽鬼爪
",4,"武器培养素材
","60级以上兽境幼兽掉落60级以上兽境猎犬掉落
"
328,"「抗争」的哲学
","「抗争」的哲学
",4,"角色天赋素材
","合成获得活动获得忘却之峡精通秘境:冰封废渊Ⅳ（忘却之峡限时开启）时间：周二/周五/周日秘境获得
"
329,"漆黑陨铁的一角
","漆黑陨铁的一角
",4,"武器突破素材
","秘境获得合成获得震雷连山密宫炼武秘境:古雷试炼场Ⅲ/Ⅳ（震雷连山密宫限时开启）时间：周三/周六/周日
"
330,"玄岩之塔
","玄岩之塔
",4,"角色培养素材
","BOSS掉落30级以上无相之岩掉落
"
331,"黑晶号角
","黑晶号角
",4,"武器培养素材
","普通怪物掉落合成获得60级以上大体格丘丘人掉落(帮助视频：点击跳转)
"
332,"明目之油膏
","明目之油膏
",4,"精炼材料
","「三界路飨祭」供奉睦疏之匣的奖励（等级5，9，10，14）
"
333,"原海鱼油
","原海鱼油
",4,"精炼材料
","鲁梅拉<须弥渔师>处兑换杂货店购买。
"
334,"「黄金」的哲学
","「黄金」的哲学
",4,"角色天赋素材
","合成获得活动获得太山府时间：周三/周六/周日精通秘境:焚尽之环 Ⅳ（太山府限时开启）秘境获得
"
335,"雷霆数珠
","雷霆数珠
",4,"角色培养素材
","BOSS掉落30级以上雷音权现掉落
"
336,"「风雅」的哲学
","「风雅」的哲学
",4,"角色天赋素材
","活动获得合成获得时间：周二/周五/周日秘境获得菫色之庭精通秘境:初雷幽谷 Ⅳ（菫色之庭限时开启）
"
337,"海皇香脂
","海皇香脂
",4,"精炼材料
","「韶光抚月」
"
338,"「繁荣」的哲学
","「繁荣」的哲学
",4,"角色天赋素材
","合成获得活动获得太山府精通秘境:炽炎祭场Ⅳ（太山府限时开启）时间：周一/周四/周日秘境获得
"
339,"混沌锚栓
","混沌锚栓
",4,"武器培养素材
","普通怪物掉落自律机关掉落
"
340,"混沌炉心
","混沌炉心
",4,"武器培养素材
","普通怪物掉落合成获得60级以上遗迹守卫掉落60级以上遗迹猎者掉落60级以上遗迹重机掉落
"
341,"混沌真眼
","混沌真眼
",4,"武器培养素材
","精英怪物掉落遗迹机兵掉落（帮助：位置视频）
"
342,"「天光」的哲学
","「天光」的哲学
",4,"角色天赋素材
","活动获得合成获得时间：周三/周六/周日秘境获得菫色之庭精通秘境:真葛废都IV（菫色之庭限时开启）
"
343,"央陆单手剑原胚
","央陆单手剑原胚
",4,"素材
","其他来源（见下方来源章节）央陆原胚之匣（该途径获取详见该词条）周常BOSS掉落
"
344,"北陆单手剑原胚
","北陆单手剑原胚
",4,"素材
","北陆原胚之匣（该途径获取详见该词条）其他来源（见下方来源章节）周常BOSS掉落
"
345,"「巧思」的哲学
","「巧思」的哲学
",4,"角色天赋素材
","活动获得秘境获得昏识塔精通秘境:妙语Ⅰ/Ⅱ/Ⅲ/Ⅳ（昏识塔限时开启）时间：周二/周五/周日合成获得
"
346,"涤净青金块
","涤净青金块
",4,"角色突破素材
","BOSS掉落60级以上纯水精灵掉落60级以上无相之水掉落60级以上水属性古岩龙蜥掉落60级以上风魔龙挑战奖励60级以上黄金屋挑战奖励60级以上水属性若陀龙王挑战奖励60级以上兆载永劫龙兽掉落60级以上正机之神挑战奖励周常BOSS掉落合成获得
"
347,"高塔孤王的断片
","高塔孤王的断片
",4,"武器突破素材
","秘境获得合成获得塞西莉亚苗圃炼武秘境:水光之城Ⅲ/Ⅳ（塞西莉亚苗圃限时开启）时间：周一/周四/周日
"
348,"霄灯
","霄灯
",4,"活动材料
","海灯节期间合成获得
"
349,"阴燃之珠
","阴燃之珠
",4,"角色培养素材
","BOSS掉落30级以上无相之火掉落
"
350,"常燃火种
","常燃火种
",4,"角色培养素材
","BOSS掉落30级以上爆炎树掉落
"
351,"魔偶机心
","魔偶机心
",4,"角色培养素材
","BOSS掉落30级以上魔偶剑鬼掉落
"
352,"排异之露
","排异之露
",4,"角色培养素材
","BOSS掉落30级以上无相之水掉落
"
353,"谧林涓露的银符
","谧林涓露的银符
",4,"武器突破素材
","秘境获得合成获得有顶塔炼武秘境:云垢 Ⅲ/Ⅳ（有顶塔限时开启）时间：周一/周四/周日
"
354,"督察长祭刀
","督察长祭刀
",4,"武器培养素材
","60级以上债务处理人掉落普通怪物掉落合成获得(债务处理人位置视频)
"
355,"凛风奔狼的断牙
","凛风奔狼的断牙
",4,"武器突破素材
","秘境获得合成获得塞西莉亚苗圃炼武秘境:深没之谷Ⅲ/Ⅳ（塞西莉亚苗圃限时开启）时间：周二/周五/周日
"
356,"龙嗣伪鳍
","龙嗣伪鳍
",4,"角色培养素材
","30级以上深海龙蜥之群掉落任务奖励完成风起鹤归任务将得到龙嗣伪鳍x2BOSS掉落
"
357,"雾海云间的金丹
","雾海云间的金丹
",4,"武器突破素材
","秘境获得合成获得震雷连山密宫炼武秘境:鸣雷城虚Ⅲ/Ⅳ（震雷连山密宫限时开启）时间：周二/周五/周日
"
358,"石化的骨片
","石化的骨片
",4,"武器培养素材
","合成获得(幼岩龙蜥位置：视频)精英怪物掉落60级以上龙蜥（幼岩/岩/深海/深海幼）掉落
"
359,"今昔剧画之一角
","今昔剧画之一角
",4,"武器突破素材
","秘境获得合成获得砂流之庭炼武秘境:流沙之葬 Ⅲ/Ⅳ（砂流之庭限时开启）时间：周三/周六/周日
"
360,"偏光棱镜
","偏光棱镜
",4,"武器培养素材
","精英怪物掉落愚人众·冬国仕女掉落（帮助：位置视频）
"
361,"「诤言」的哲学
","「诤言」的哲学
",4,"角色天赋素材
","活动获得合成获得秘境获得昏识塔精通秘境:圆镜Ⅰ/Ⅱ/Ⅲ/Ⅳ（昏识塔限时开启）时间：周一/周四/周日
"
362,"央陆双手剑原胚
","央陆双手剑原胚
",4,"素材
","其他来源（见下方来源章节）央陆原胚之匣（该途径获取详见该词条）周常BOSS掉落
"
363,"北陆双手剑原胚
","北陆双手剑原胚
",4,"素材
","北陆原胚之匣（该途径获取详见该词条）其他来源（见下方来源章节）周常BOSS掉落
"
364,"璀璨原钻块
","璀璨原钻块
",4,"角色突破素材
","冒险等阶奖励
"
365,"「不凋的绢华」
","「不凋的绢华」
",4,"精炼材料
","「风花的呼吸」活动商店兑换
"
366,"「自由」的哲学
","「自由」的哲学
",4,"角色天赋素材
","合成获得活动获得忘却之峡精通秘境:霜凝祭坛Ⅳ(忘却之峡限时开启)时间：周一/周四/周日秘境获得
"
367,"极寒之核
","极寒之核
",4,"角色培养素材
","BOSS掉落30级以上急冻树掉落
"
368,"永续机芯
","永续机芯
",4,"角色培养素材
","BOSS掉落30级以上兆载永劫龙兽掉落
"
369,"坚牢黄玉块
","坚牢黄玉块
",4,"角色突破素材
","BOSS掉落合成获得60级以上无相之岩掉落60级以上北风狼挑战奖励60级以上黄金王兽掉落周常BOSS掉落60级以上古岩龙蜥掉落60级以上若陀龙王挑战奖励60级以上恒常机关阵列掉落60级以上遗迹巨蛇掉落
"
370,"锲纹的横脊
","锲纹的横脊
",4,"武器培养素材
","精英怪物掉落圣骸兽掉落
"
371,"狮牙斗士的镣铐
","狮牙斗士的镣铐
",4,"武器突破素材
","秘境获得合成获得塞西莉亚苗圃炼武秘境:渴水的废都Ⅲ/Ⅳ（塞西莉亚苗圃限时开启）时间：周三/周六/周日
"
372,"未熟之玉
","未熟之玉
",4,"角色培养素材
","BOSS掉落30级以上古岩龙蜥掉落
"
373,"恒常机关之心
","恒常机关之心
",4,"角色培养素材
","BOSS掉落30级以上恒常机关阵列掉落
"
374,"蕈王钩喙
","蕈王钩喙
",4,"角色培养素材
","BOSS掉落30级以上翠翎恐蕈掉落
"
375,"腐殖龙髓
","腐殖龙髓
",4,"精炼材料
","「白垩与黑龙」活动商店兑换
"
376,"央陆长柄武器原胚
","央陆长柄武器原胚
",4,"素材
","其他来源（见下方来源章节）央陆原胚之匣（该途径获取详见该词条）周常BOSS掉落
"
377,"「诗文」的哲学
","「诗文」的哲学
",4,"角色天赋素材
","合成获得活动获得忘却之峡精通秘境:沉睡之国Ⅳ（忘却之峡限时开启）时间：周三/周六/周日秘境获得
"
378,"孤云寒林的圣骸
","孤云寒林的圣骸
",4,"武器突破素材
","秘境获得合成获得震雷连山密宫炼武秘境:雷云祭坛 Ⅲ/Ⅳ（震雷连山密宫限时开启）时间：周一/周四/周日
"
379,"符纹之齿
","符纹之齿
",4,"角色培养素材
","BOSS掉落30级以上遗迹巨蛇掉落
"
380,"北陆弓原胚
","北陆弓原胚
",4,"素材
","其他来源（见下方来源章节）北陆原胚之匣（该途径获取详见该词条）周常BOSS掉落
"
381,"茁壮菌核
","茁壮菌核
",4,"武器培养素材
","普通怪物掉落蕈兽掉落
"
382,"地脉的新芽
","地脉的新芽
",4,"武器培养素材
","普通怪物掉落合成获得60级以上深渊法师掉落（深渊法师位置）
"
383,"烈日威权的梦想
","烈日威权的梦想
",4,"武器突破素材
","秘境获得合成获得有顶塔时间：周三/周六/周日炼武秘境:引业 Ⅲ/Ⅳ（有顶塔限时开启）
"
384,"「看得见的风」
","「看得见的风」
",4,"精炼材料
","「风花的邀约」活动商店兑换
"
385,"幽邃刻像
","幽邃刻像
",4,"武器培养素材
","精英怪物掉落黑蛇众掉落深渊使徒深渊咏者掉落
"
386,"雷光棱镜
","雷光棱镜
",4,"角色培养素材
","BOSS掉落30级以上无相之雷掉落
"
387,"「笃行」的哲学
","「笃行」的哲学
",4,"角色天赋素材
","活动获得秘境获得昏识塔精通秘境:律藏Ⅰ/Ⅱ/Ⅲ/Ⅳ（昏识塔限时开启）时间：周三/周六/周日合成获得
"
388,"「浮世」的哲学
","「浮世」的哲学
",4,"角色天赋素材
","活动获得合成获得时间：周一/周四/周日秘境获得菫色之庭精通秘境:菫染之国Ⅳ（菫色之庭限时开启）
"
389,"鸣神御灵的亲爱
","鸣神御灵的亲爱
",4,"武器突破素材
","合成获得砂流之庭秘境获得炼武秘境:砂之祭场 Ⅲ/Ⅳ（砂流之庭限时开启）时间：周二/周五/周日
"
390,"「勤劳」的哲学
","「勤劳」的哲学
",4,"角色天赋素材
","活动获得合成获得太山府精通秘境:深炎之底Ⅰ/Ⅱ/Ⅲ/Ⅳ（太山府限时开启）时间：周二/周五/周日秘境获得
"
391,"大英雄的经验
","大英雄的经验
",4,"角色经验素材
","地脉之花（主要来源）探索与事件报酬（宝箱，供奉，任务等）
"
392,"辉光棱晶
","辉光棱晶
",4,"武器培养素材
","合成获得60级以上元能构装体掉落
"
393,"哀叙冰玉块
","哀叙冰玉块
",4,"角色突破素材
","BOSS掉落合成获得60级以上急冻树掉落60级以上无相之冰掉落60级以上北风狼挑战奖励周常BOSS掉落60级以上冰属性古岩龙蜥掉落60级以上冰属性若陀龙王挑战奖励60级以上黄金屋挑战奖励60级以上魔偶剑鬼掉落60级以上恒常机关阵列掉落60级以上女士挑战奖励60级以上深海龙蜥之群掉落60级以上兆载永劫龙兽掉落
"
394,"雾虚灯芯
","雾虚灯芯
",4,"武器培养素材
","普通怪物掉落合成获得（雷萤术士位置视频）60级以上萤术士掉落
"
395,"赤穗酒枡
","赤穗酒枡
",4,"精炼材料
","鲸井椛<稻妻渔师>处兑换杂货店购买
"
396,"藏雷野实
","藏雷野实
",4,"角色培养素材
","BOSS掉落30级以上掣电树掉落
"
397,"自在松石块
","自在松石块
",4,"角色突破素材
","BOSS掉落合成获得60级以上无相之风掉落60级以上魔偶剑鬼掉落60级以上半永恒统辖矩阵掉落60级以上风蚀沙虫掉落周常BOSS掉落60级以上风魔龙挑战奖励60级以上正机之神挑战奖励
"
398,"兽境王器
","兽境王器
",4,"角色培养素材
","BOSS掉落30级以上黄金王兽掉落
"
399,"央陆法器原胚
","央陆法器原胚
",4,"素材
","央陆原胚之匣（该途径获取详见该词条）其他来源（见下方来源章节）周常BOSS掉落
"
400,"霞色宝珠
","霞色宝珠
",4,"精炼材料
","「危途疑踪」活动商店兑换
"
401,"迁风的苍翎
","迁风的苍翎
",4,"精炼材料
","「杯中遥吟之歌」活动商店兑换
"
402,"北陆法器原胚
","北陆法器原胚
",4,"素材
","其他来源（见下方来源章节）北陆原胚之匣（该途径获取详见该词条）周常BOSS掉落
"
403,"若狭的藁末
","若狭的藁末
",4,"精炼材料
","「秋津森夜试胆会」活动商店兑换
"
404,"雾海云间的转还
","雾海云间的转还
",5,"武器突破素材
","秘境获得合成获得震雷连山密宫炼武秘境:鸣雷城虚Ⅳ（震雷连山密宫限时开启）时间：周二/周五/周日
"
405,"东风之翎
","东风之翎
",5,"天赋培养素材
","周常BOSS掉落70级以上风魔龙挑战奖励
"
406,"自在松石
","自在松石
",5,"角色突破素材
","BOSS掉落合成获得75级以上无相之风掉落75级以上魔偶剑鬼掉落75级以上半永恒统辖矩阵掉落75级以上风蚀沙虫掉落周常BOSS掉落75级以上风魔龙挑战奖励75级以上正机之神挑战奖励
"
407,"鸣神御灵的勇武
","鸣神御灵的勇武
",5,"武器突破素材
","合成获得砂流之庭炼武秘境:砂之祭场 Ⅳ（砂流之庭限时开启）时间：周二/周五/周日秘境获得
"
408,"凶将之手眼
","凶将之手眼
",5,"天赋培养素材
","周常BOSS掉落70级以上永恒的守护者挑战奖励
"
409,"哀叙冰玉
","哀叙冰玉
",5,"角色突破素材
","BOSS掉落周常BOSS掉落合成获得75级以上急冻树掉落75级以上无相之冰掉落75级以上北风狼挑战奖励75级以上魔偶剑鬼掉落75级以上冰属性古岩龙蜥掉落75级以上冰属性若陀龙王挑战奖励75级以上黄金屋挑战奖励75级以上恒常机关阵列掉落75级以上女士挑战奖励75级以上深海龙蜥之群掉落75级以上兆载永劫龙兽掉落
"
410,"龙王之冕
","龙王之冕
",5,"天赋培养素材
","周常BOSS掉落70级以上若陀龙王挑战奖励
"
411,"傀儡的悬丝
","傀儡的悬丝
",5,"天赋培养素材
","周常BOSS掉落70级以上正机之神挑战奖励
"
412,"智识之冕
","智识之冕
",5,"角色天赋素材
","版本活动奖励供奉忍冬之树至11级获取供奉神樱大树至一定等级获取强化流明石触媒至一定等级获取强化梦之树至一定等级获取
"
413,"东风的吐息
","东风的吐息
",5,"天赋培养素材
","周常BOSS掉落70级以上风魔龙挑战奖励
"
414,"璀璨原钻
","璀璨原钻
",5,"角色突破素材
","冒险等阶奖励
"
415,"远海夷地的金枝
","远海夷地的金枝
",5,"武器突破素材
","合成获得砂流之庭秘境获得炼武秘境:沉砂之渊 Ⅳ（砂流之庭限时开启）时间：周一/周四/周日
"
416,"燃愿玛瑙
","燃愿玛瑙
",5,"角色突破素材
","BOSS掉落周常BOSS掉落合成获得75级以上北风狼挑战奖励75级以上无相之火挑战奖励75级以上爆炎树掉落75级以上女士挑战奖励75级以上半永恒统辖矩阵掉落75级以上火属性古岩龙蜥掉落75级以上火属性若陀龙王挑战奖励
"
417,"灰烬之心
","灰烬之心
",5,"天赋培养素材
","周常BOSS掉落70级以上女士挑战奖励
"
418,"最胜紫晶
","最胜紫晶
",5,"角色突破素材
","BOSS掉落75级以上无相之雷掉落75级以上雷音权现掉落75级以上雷属性古岩龙蜥掉落75级以上雷属性若陀龙王挑战奖励75级以上风魔龙挑战奖励75级以上黄金屋挑战奖励75级以上深海龙蜥之群掉落75级以上永恒的守护者挑战奖励75级以上正机之神挑战奖励75级以上掣电树掉落周常BOSS掉落合成获得
"
419,"血玉之枝
","血玉之枝
",5,"天赋培养素材
","周常BOSS掉落70级以上若陀龙王挑战奖励
"
420,"无心的渊镜
","无心的渊镜
",5,"天赋培养素材
","周常BOSS掉落70级以上正机之神挑战奖励
"
421,"北风之尾
","北风之尾
",5,"天赋培养素材
","周常BOSS掉落70级以上北风狼挑战奖励
"
422,"原石
","原石
",5,"其他
","凝取结晶兑换世界探索任务奖励
"
423,"生长碧翡
","生长碧翡
",5,"角色突破素材
","BOSS掉落周常BOSS掉落合成获得75级以上翠翎恐蕈掉落75级以上无相之草掉落
"
424,"狱火之蝶
","狱火之蝶
",5,"天赋培养素材
","周常BOSS掉落70级以上女士挑战奖励
"
425,"鎏金之鳞
","鎏金之鳞
",5,"天赋培养素材
","周常BOSS掉落70级以上若陀龙王挑战奖励
"
426,"空行的虚铃
","空行的虚铃
",5,"天赋培养素材
","周常BOSS掉落70级以上正机之神挑战奖励
"
427,"烈日威权的旧日
","烈日威权的旧日
",5,"武器突破素材
","秘境获得合成获得有顶塔时间：周三/周六/周日炼武秘境:引业 Ⅳ（有顶塔限时开启）
"
428,"涤净青金
","涤净青金
",5,"角色突破素材
","BOSS掉落75级以上纯水精灵掉落75级以上无相之水掉落75级以上水属性古岩龙蜥掉落75级以上风魔龙挑战奖励75级以上黄金屋挑战奖励75级以上水属性若陀龙王挑战奖励75级以上兆载永劫龙兽掉落75级以上正机之神挑战奖励周常BOSS掉落合成获得
"
429,"北风之环
","北风之环
",5,"天赋培养素材
","周常BOSS掉落70级以上北风狼挑战奖励
"
430,"高塔孤王的碎梦
","高塔孤王的碎梦
",5,"武器突破素材
","秘境获得合成获得塞西莉亚苗圃炼武秘境:水光之城Ⅳ（塞西莉亚苗圃限时开启）时间：周一/周四/周日
"
431,"凛风奔狼的怀乡
","凛风奔狼的怀乡
",5,"武器突破素材
","秘境获得合成获得塞西莉亚苗圃炼武秘境:深没之谷Ⅳ（塞西莉亚苗圃限时开启）时间：周二/周五/周日
"
432,"谧林涓露的金符
","谧林涓露的金符
",5,"武器突破素材
","秘境获得合成获得有顶塔炼武秘境:云垢 Ⅳ（有顶塔限时开启）时间：周一/周四/周日
"
433,"魔王之刃·残片
","魔王之刃·残片
",5,"天赋培养素材
","周常BOSS掉落70级以上黄金屋挑战奖励
"
434,"万劫之真意
","万劫之真意
",5,"天赋培养素材
","周常BOSS掉落70级以上永恒的守护者挑战奖励
"
435,"今昔剧画之鬼人
","今昔剧画之鬼人
",5,"武器突破素材
","秘境获得合成获得砂流之庭炼武秘境:流沙之葬 Ⅳ（砂流之庭限时开启）时间：周三/周六/周日
"
436,"吞天之鲸·只角
","吞天之鲸·只角
",5,"天赋培养素材
","周常BOSS掉落70级以上黄金屋挑战奖励
"
437,"熔毁之刻
","熔毁之刻
",5,"天赋培养素材
","周常BOSS掉落70级以上女士挑战奖励
"
438,"北风的魂匣
","北风的魂匣
",5,"天赋培养素材
","周常BOSS掉落70级以上北风狼挑战奖励
"
439,"漆黑陨铁的一块
","漆黑陨铁的一块
",5,"武器突破素材
","秘境获得合成获得震雷连山密宫炼武秘境:古雷试炼场Ⅳ（震雷连山密宫限时开启）时间：周三/周六/周日
"
440,"创世结晶
","创世结晶
",5,"其他
","商城
"
441,"绿洲花园的真谛
","绿洲花园的真谛
",5,"武器突破素材
","秘境获得合成获得有顶塔炼武秘境:思惑 Ⅳ（有顶塔限时开启）时间：周二/周五/周日
"
442,"坚牢黄玉
","坚牢黄玉
",5,"角色突破素材
","BOSS掉落周常BOSS掉落合成获得75级以上无相之岩掉落75级以上北风狼挑战奖励75级以上黄金王兽掉落75级以上古岩龙蜥掉落75级以上若陀龙王挑战奖励75级以上恒常机关阵列掉落75级以上遗迹巨蛇掉落
"
443,"东风之爪
","东风之爪
",5,"天赋培养素材
","周常BOSS掉落70级以上风魔龙挑战奖励
"
444,"狮牙斗士的理想
","狮牙斗士的理想
",5,"武器突破素材
","秘境获得合成获得塞西莉亚苗圃炼武秘境:渴水的废都Ⅳ（塞西莉亚苗圃限时开启）时间：周三/周六/周日
"
445,"祸神之禊泪
","祸神之禊泪
",5,"天赋培养素材
","周常BOSS掉落70级以上永恒的守护者挑战奖励
"
446,"武炼之魂·孤影
","武炼之魂·孤影
",5,"天赋培养素材
","周常BOSS掉落70级以上黄金屋挑战奖励
"
447,"孤云寒林的神体
","孤云寒林的神体
",5,"武器突破素材
","合成获得震雷连山密宫炼武秘境:雷云祭坛Ⅳ（震雷连山密宫限时开启）参量质变仪概率获取时间：周一/周四/周日
"